{
  "can_i_get_from_feces_animal_pets": {
    "precision": 0.631578947368421,
    "recall": 0.5714285714285714,
    "f1-score": 0.6,
    "support": 21,
    "confused_with": {
      "protect_yourself": 5,
      "what_if_i_visited_high_risk_area": 3
    }
  },
  "hi": {
    "precision": 0.6666666666666666,
    "recall": 0.8,
    "f1-score": 0.7272727272727272,
    "support": 15,
    "confused_with": {
      "what_are_treatment_options": 1,
      "okay_thanks": 1
    }
  },
  "share": {
    "precision": 1.0,
    "recall": 0.375,
    "f1-score": 0.5454545454545454,
    "support": 24,
    "confused_with": {
      "can_i_get_from_packages_surfaces": 4,
      "protect_yourself": 3
    }
  },
  "what_if_i_visited_high_risk_area": {
    "precision": 0.34615384615384615,
    "recall": 0.75,
    "f1-score": 0.4736842105263157,
    "support": 24,
    "confused_with": {
      "protect_yourself": 4,
      "travel": 1
    }
  },
  "what_are_treatment_options": {
    "precision": 0.2727272727272727,
    "recall": 0.15789473684210525,
    "f1-score": 0.19999999999999998,
    "support": 19,
    "confused_with": {
      "what_if_i_visited_high_risk_area": 4,
      "protect_yourself": 4,
      "how_does_corona_spread": 4
    }
  },
  "what_are_symptoms": {
    "precision": 0.6842105263157895,
    "recall": 0.6190476190476191,
    "f1-score": 0.6500000000000001,
    "support": 21,
    "confused_with": {
      "what_if_i_visited_high_risk_area": 3,
      "protect_yourself": 3
    }
  },
  "how_does_corona_spread": {
    "precision": 0.19047619047619047,
    "recall": 0.17391304347826086,
    "f1-score": 0.1818181818181818,
    "support": 23,
    "confused_with": {
      "protect_yourself": 9,
      "can_i_get_from_feces_animal_pets": 3
    }
  },
  "protect_yourself": {
    "precision": 0.12307692307692308,
    "recall": 0.5,
    "f1-score": 0.19753086419753088,
    "support": 16,
    "confused_with": {
      "what_if_i_visited_high_risk_area": 4,
      "what_is_corona": 1
    }
  },
  "travel": {
    "precision": 0.4827586206896552,
    "recall": 0.6086956521739131,
    "f1-score": 0.5384615384615384,
    "support": 23,
    "confused_with": {
      "what_if_i_visited_high_risk_area": 4,
      "protect_yourself": 2
    }
  },
  "okay_thanks": {
    "precision": 0.3333333333333333,
    "recall": 0.10526315789473684,
    "f1-score": 0.16,
    "support": 19,
    "confused_with": {
      "protect_yourself": 8,
      "travel": 2
    }
  },
  "myths": {
    "precision": 0.7894736842105263,
    "recall": 0.7894736842105263,
    "f1-score": 0.7894736842105263,
    "support": 19,
    "confused_with": {
      "protect_yourself": 2,
      "what_are_symptoms": 1
    }
  },
  "donate": {
    "precision": 0.875,
    "recall": 0.6086956521739131,
    "f1-score": 0.717948717948718,
    "support": 23,
    "confused_with": {
      "protect_yourself": 4,
      "travel": 3
    }
  },
  "what_is_corona": {
    "precision": 0.5333333333333333,
    "recall": 0.4,
    "f1-score": 0.4571428571428572,
    "support": 20,
    "confused_with": {
      "what_are_treatment_options": 3,
      "what_if_i_visited_high_risk_area": 2
    }
  },
  "can_i_get_from_packages_surfaces": {
    "precision": 0.2,
    "recall": 0.09523809523809523,
    "f1-score": 0.12903225806451613,
    "support": 21,
    "confused_with": {
      "protect_yourself": 8,
      "how_does_corona_spread": 4,
      "what_if_i_visited_high_risk_area": 3
    }
  },
  "news_and_press": {
    "precision": 0.5714285714285714,
    "recall": 0.25,
    "f1-score": 0.34782608695652173,
    "support": 16,
    "confused_with": {
      "what_is_corona": 2,
      "latest_numbers": 2
    }
  },
  "latest_numbers": {
    "precision": 0.3333333333333333,
    "recall": 0.14285714285714285,
    "f1-score": 0.2,
    "support": 21,
    "confused_with": {
      "what_if_i_visited_high_risk_area": 5,
      "travel": 5,
      "protect_yourself": 3
    }
  },
  "accuracy": 0.4338461538461538,
  "macro avg": {
    "precision": 0.5020969530696164,
    "recall": 0.43421920970905525,
    "f1-score": 0.4322278545033737,
    "support": 325
  },
  "weighted avg": {
    "precision": 0.5078233169408654,
    "recall": 0.4338461538461538,
    "f1-score": 0.4348182181925,
    "support": 325
  }
}