{
  "can_i_get_from_packages_surfaces": {
    "precision": 0.9219858156028369,
    "recall": 0.9219858156028369,
    "f1-score": 0.9219858156028369,
    "support": 141,
    "confused_with": {
      "protect_yourself": 4,
      "travel": 2
    }
  },
  "hi": {
    "precision": 0.9302325581395349,
    "recall": 0.9836065573770492,
    "f1-score": 0.9561752988047808,
    "support": 122,
    "confused_with": {
      "okay_thanks": 2
    }
  },
  "can_i_get_from_feces_animal_pets": {
    "precision": 0.9629629629629629,
    "recall": 0.9873417721518988,
    "f1-score": 0.975,
    "support": 158,
    "confused_with": {
      "how_does_corona_spread": 1,
      "can_i_get_from_packages_surfaces": 1
    }
  },
  "news_and_press": {
    "precision": 0.98,
    "recall": 0.9545454545454546,
    "f1-score": 0.9671052631578947,
    "support": 154,
    "confused_with": {
      "what_is_corona": 3,
      "latest_numbers": 2
    }
  },
  "travel": {
    "precision": 0.9314285714285714,
    "recall": 0.9878787878787879,
    "f1-score": 0.9588235294117647,
    "support": 165,
    "confused_with": {
      "what_if_i_visited_high_risk_area": 1,
      "latest_numbers": 1
    }
  },
  "what_is_corona": {
    "precision": 0.948051948051948,
    "recall": 0.954248366013072,
    "f1-score": 0.9511400651465798,
    "support": 153,
    "confused_with": {
      "myths": 2,
      "can_i_get_from_packages_surfaces": 2
    }
  },
  "share": {
    "precision": 1.0,
    "recall": 0.9871794871794872,
    "f1-score": 0.9935483870967742,
    "support": 156,
    "confused_with": {
      "what_is_corona": 1,
      "news_and_press": 1
    }
  },
  "donate": {
    "precision": 0.9933333333333333,
    "recall": 0.9867549668874173,
    "f1-score": 0.9900332225913622,
    "support": 151,
    "confused_with": {
      "what_are_treatment_options": 1,
      "okay_thanks": 1
    }
  },
  "what_are_symptoms": {
    "precision": 0.9448275862068966,
    "recall": 0.9785714285714285,
    "f1-score": 0.9614035087719298,
    "support": 140,
    "confused_with": {
      "what_if_i_visited_high_risk_area": 1,
      "travel": 1
    }
  },
  "what_are_treatment_options": {
    "precision": 0.9719101123595506,
    "recall": 0.9664804469273743,
    "f1-score": 0.9691876750700281,
    "support": 179,
    "confused_with": {
      "what_if_i_visited_high_risk_area": 1,
      "what_are_symptoms": 1
    }
  },
  "what_if_i_visited_high_risk_area": {
    "precision": 0.9205298013245033,
    "recall": 0.972027972027972,
    "f1-score": 0.945578231292517,
    "support": 143,
    "confused_with": {
      "travel": 4
    }
  },
  "how_does_corona_spread": {
    "precision": 0.9436619718309859,
    "recall": 0.8589743589743589,
    "f1-score": 0.8993288590604026,
    "support": 156,
    "confused_with": {
      "what_are_symptoms": 5,
      "can_i_get_from_feces_animal_pets": 5
    }
  },
  "protect_yourself": {
    "precision": 0.948905109489051,
    "recall": 0.8552631578947368,
    "f1-score": 0.8996539792387545,
    "support": 152,
    "confused_with": {
      "what_if_i_visited_high_risk_area": 7,
      "can_i_get_from_packages_surfaces": 4
    }
  },
  "latest_numbers": {
    "precision": 0.967741935483871,
    "recall": 0.9803921568627451,
    "f1-score": 0.9740259740259739,
    "support": 153,
    "confused_with": {
      "what_are_symptoms": 1,
      "news_and_press": 1
    }
  },
  "myths": {
    "precision": 0.9694656488549618,
    "recall": 0.9477611940298507,
    "f1-score": 0.9584905660377357,
    "support": 134,
    "confused_with": {
      "how_does_corona_spread": 3,
      "hi": 2
    }
  },
  "okay_thanks": {
    "precision": 0.9453125,
    "recall": 0.968,
    "f1-score": 0.9565217391304348,
    "support": 125,
    "confused_with": {
      "hi": 2,
      "travel": 1
    }
  },
  "accuracy": 0.9554995801847187,
  "macro avg": {
    "precision": 0.955021865941813,
    "recall": 0.9556882451827793,
    "f1-score": 0.9548751321524857,
    "support": 2382
  },
  "weighted avg": {
    "precision": 0.9558156463083388,
    "recall": 0.9554995801847187,
    "f1-score": 0.9551750128311263,
    "support": 2382
  }
}