{
  "donate": {
    "precision": 0.95,
    "recall": 0.76,
    "f1-score": 0.8444444444444444,
    "support": 25,
    "confused_with": {
      "okay_thanks": 2,
      "news_and_press": 2
    }
  },
  "okay_thanks": {
    "precision": 0.7037037037037037,
    "recall": 0.9047619047619048,
    "f1-score": 0.7916666666666667,
    "support": 21,
    "confused_with": {
      "what_are_symptoms": 1,
      "donate": 1
    }
  },
  "how_does_corona_spread": {
    "precision": 0.3333333333333333,
    "recall": 0.22727272727272727,
    "f1-score": 0.27027027027027023,
    "support": 22,
    "confused_with": {
      "can_i_get_from_packages_surfaces": 5,
      "what_are_symptoms": 4
    }
  },
  "what_are_treatment_options": {
    "precision": 0.5161290322580645,
    "recall": 0.7619047619047619,
    "f1-score": 0.6153846153846153,
    "support": 21,
    "confused_with": {
      "latest_numbers": 2,
      "what_is_corona": 1
    }
  },
  "protect_yourself": {
    "precision": 0.6666666666666666,
    "recall": 0.11764705882352941,
    "f1-score": 0.2,
    "support": 17,
    "confused_with": {
      "what_are_treatment_options": 6,
      "how_does_corona_spread": 4,
      "can_i_get_from_packages_surfaces": 3
    }
  },
  "travel": {
    "precision": 0.6486486486486487,
    "recall": 0.9230769230769231,
    "f1-score": 0.7619047619047619,
    "support": 26,
    "confused_with": {
      "what_is_corona": 1,
      "how_does_corona_spread": 1
    }
  },
  "share": {
    "precision": 1.0,
    "recall": 0.14285714285714285,
    "f1-score": 0.25,
    "support": 21,
    "confused_with": {
      "can_i_get_from_packages_surfaces": 7,
      "what_are_symptoms": 5
    }
  },
  "what_is_corona": {
    "precision": 0.36,
    "recall": 0.75,
    "f1-score": 0.48648648648648657,
    "support": 12,
    "confused_with": {
      "what_are_symptoms": 1,
      "okay_thanks": 1
    }
  },
  "hi": {
    "precision": 0.9444444444444444,
    "recall": 0.9444444444444444,
    "f1-score": 0.9444444444444444,
    "support": 18,
    "confused_with": {
      "okay_thanks": 1
    }
  },
  "myths": {
    "precision": 1.0,
    "recall": 0.25,
    "f1-score": 0.4,
    "support": 24,
    "confused_with": {
      "what_is_corona": 6,
      "latest_numbers": 6
    }
  },
  "what_are_symptoms": {
    "precision": 0.4642857142857143,
    "recall": 0.7222222222222222,
    "f1-score": 0.5652173913043479,
    "support": 18,
    "confused_with": {
      "what_is_corona": 2,
      "what_are_treatment_options": 1
    }
  },
  "can_i_get_from_packages_surfaces": {
    "precision": 0.23333333333333334,
    "recall": 0.3181818181818182,
    "f1-score": 0.2692307692307693,
    "support": 22,
    "confused_with": {
      "how_does_corona_spread": 3,
      "what_is_corona": 2
    }
  },
  "news_and_press": {
    "precision": 0.64,
    "recall": 0.8,
    "f1-score": 0.7111111111111111,
    "support": 20,
    "confused_with": {
      "what_is_corona": 2,
      "travel": 1
    }
  },
  "can_i_get_from_feces_animal_pets": {
    "precision": 0.6666666666666666,
    "recall": 0.56,
    "f1-score": 0.6086956521739131,
    "support": 25,
    "confused_with": {
      "can_i_get_from_packages_surfaces": 4,
      "what_are_treatment_options": 2
    }
  },
  "what_if_i_visited_high_risk_area": {
    "precision": 0.6923076923076923,
    "recall": 0.375,
    "f1-score": 0.48648648648648646,
    "support": 24,
    "confused_with": {
      "travel": 8,
      "what_are_treatment_options": 3
    }
  },
  "latest_numbers": {
    "precision": 0.45161290322580644,
    "recall": 0.8235294117647058,
    "f1-score": 0.5833333333333333,
    "support": 17,
    "confused_with": {
      "news_and_press": 2,
      "can_i_get_from_packages_surfaces": 1
    }
  },
  "accuracy": 0.5795795795795796,
  "macro avg": {
    "precision": 0.6419457586796297,
    "recall": 0.5863061509568863,
    "f1-score": 0.5492922770776032,
    "support": 333
  },
  "weighted avg": {
    "precision": 0.6560599573996841,
    "recall": 0.5795795795795796,
    "f1-score": 0.5544487731620517,
    "support": 333
  }
}